{
	"class_name" : "PinholeCameraParameters",
	"extrinsic" : 
	[
		0.97282286954329911,
		0.049746290723677297,
		-0.22614369558485733,
		0.0,
		0.19928917538349417,
		-0.6771514406695619,
		0.70834296140648123,
		0.0,
		-0.11789609437342766,
		-0.73416022294753369,
		-0.66866230488425138,
		0.0,
		-0.57440584720173971,
		0.17143892439349961,
		1.0165815794843651,
		1.0
	],
	"intrinsic" : 
	{
		"height" : 1061,
		"intrinsic_matrix" : 
		[
			918.85295341528945,
			0.0,
			0.0,
			0.0,
			918.85295341528945,
			0.0,
			959.5,
			530.0,
			1.0
		],
		"width" : 1920
	},
	"version_major" : 1,
	"version_minor" : 0
}