{
	"class_name" : "PinholeCameraParameters",
	"extrinsic" : 
	[
		0.40818518127231335,
		-0.85047658600773179,
		0.3317746742027215,
		0.0,
		-0.91181392095888714,
		-0.36210649235311865,
		0.19358270000519537,
		0.0,
		-0.04449979028343129,
		-0.38153435605244523,
		-0.92328289479247727,
		0.0,
		0.198845184244553,
		2.0989322977064937,
		3.1903447593430996,
		1.0
	],
	"intrinsic" : 
	{
		"height" : 1061,
		"intrinsic_matrix" : 
		[
			918.85295341528945,
			0.0,
			0.0,
			0.0,
			918.85295341528945,
			0.0,
			959.5,
			530.0,
			1.0
		],
		"width" : 1920
	},
	"version_major" : 1,
	"version_minor" : 0
}