{
	"class_name" : "PinholeCameraParameters",
	"extrinsic" : 
	[
		-0.53147168224832764,
		0.57478786637887658,
		-0.6222192215222474,
		0.0,
		0.83603485940642874,
		0.47414463410385421,
		-0.2761024806259359,
		0.0,
		0.13632154938015423,
		-0.666937609236532,
		-0.73253713937277831,
		0.0,
		-0.7380669401211285,
		-1.5790669809542957,
		3.5914923582289244,
		1.0
	],
	"intrinsic" : 
	{
		"height" : 1061,
		"intrinsic_matrix" : 
		[
			918.85295341528945,
			0.0,
			0.0,
			0.0,
			918.85295341528945,
			0.0,
			959.5,
			530.0,
			1.0
		],
		"width" : 1920
	},
	"version_major" : 1,
	"version_minor" : 0
}