{
	"class_name" : "PinholeCameraParameters",
	"extrinsic" : 
	[
		-0.51990187485939598,
		0.55584580099574998,
		-0.64864280311514921,
		0.0,
		0.84110560863070571,
		0.46567931876055507,
		-0.27510748301105076,
		0.0,
		0.14914219941939733,
		-0.68860599590338922,
		-0.70963257165821125,
		0.0,
		-0.6947966798198344,
		-1.7893345235406763,
		3.9181382392426354,
		1.0
	],
	"intrinsic" : 
	{
		"height" : 1061,
		"intrinsic_matrix" : 
		[
			918.85295341528945,
			0.0,
			0.0,
			0.0,
			918.85295341528945,
			0.0,
			959.5,
			530.0,
			1.0
		],
		"width" : 1920
	},
	"version_major" : 1,
	"version_minor" : 0
}